[
    {
      "Cinchy Id": 1,
      "WorkflowImplementation": "Heffernan<>Classification<>R6",
      "Buyer": "Heffernan",
      "SequenceNumber": 1,
      "Status": "Live"
    },
    {
      "Cinchy Id": 2,
      "WorkflowImplementation": "Heffernan<>Classification<>NM",
      "Buyer": "Heffernan",
      "SequenceNumber": 1,
      "Status": "Testing"
    },
    {
      "Cinchy Id": 3,
      "WorkflowImplementation": "BTIS<>OCR",
      "Buyer": "BTIS",
      "SequenceNumber": 1,
      "Status": "Testing"
    },
    {
      "Cinchy Id": 4,
      "WorkflowImplementation": "HawkSoft<>BP",
      "Buyer": "Hawksoft",
      "SequenceNumber": 1,
      "Status": "Testing"
    },
    {
      "Cinchy Id": 5,
      "WorkflowImplementation": "Heffernan<>Classification<>NM",
      "Buyer": "hawsKode",
      "SequenceNumber": 1,
      "Status": "Testing"
    },
    {
      "Cinchy Id": 6,
      "WorkflowImplementation": "Heffernan<>Classification<>R6",
      "Buyer": "NoBody",
      "SequenceNumber": 1,
      "Status": "Testing"
    },
    {
      "Cinchy Id": 7,
      "WorkflowImplementation": "Heffernan<>Classification<>R6",
      "Buyer": "NoBody",
      "SequenceNumber": 1,
      "Status": "Testing"
    },
    {
      "Cinchy Id": 8,
      "WorkflowImplementation": "Heffernan<>Classification<>R6",
      "Buyer": "NoBody_90",
      "SequenceNumber": 1,
      "Status": "Testing"
    },
    {
      "Cinchy Id": 9,
      "WorkflowImplementation": "Heffernan<>Classification<>NM",
      "Buyer": "NoBody_55",
      "SequenceNumber": 1,
      "Status": "Testing"
    },
    {
      "Cinchy Id": 10,
      "WorkflowImplementation": "BTIS<>OCR",
      "Buyer": "NoBody_1",
      "SequenceNumber": 1,
      "Status": "Testing"
    },
    {
      "Cinchy Id": 11,
      "WorkflowImplementation": "BTIS<>OCR",
      "Buyer": "Akash",
      "SequenceNumber": 1,
      "Status": "Testing"
    },
    {
      "Cinchy Id": 12,
      "WorkflowImplementation": "HawkSoft<>BP",
      "Buyer": "Garry",
      "SequenceNumber": 1,
      "Status": "Testing"
    },
    {
      "Cinchy Id": 13,
      "WorkflowImplementation": "HawkSoft<>BP",
      "Buyer": "Ronnel",
      "SequenceNumber": 1,
      "Status": "Testing"
    },
    {
      "Cinchy Id": 13,
      "WorkflowImplementation": "Heffernan<>Classification<>NM",
      "Buyer": "Ronnel",
      "SequenceNumber": 1,
      "Status": "Testing"
    }


  ]