{
  "nodes": [
    {
      "Cinchy Id": 0,
      "Name": "InsuranceGig",
      "Workflow": "InsuranceGig",
      "Status": "Live",
      "Description": "This is a classification workflow between Heffernan and Relativity 6",
      "ThroughIGIG": "True"
    },
    {
      "Cinchy Id": 1,
      "Name": "Heffernan<>Classification<>R6",
      "Workflow": "Business NCCI Classification",
      "Status": "Live",
      "Description": "This is a classification workflow between Heffernan and Relativity 6",
      "ThroughIGIG": "True"
    },
    {
      "Cinchy Id": 2,
      "Name": "Heffernan<>Classification<>NM",
      "Workflow": "Business NCCI Classification",
      "Status": "Introduced",
      "Description": "This is a classification workflow between Heffernan and NM",
      "ThroughIGIG": "True"
    },
    {
      "Cinchy Id": 3,
      "Name": "BTIS<>OCR",
      "Workflow": "OCR-JSON",
      "Status": "Testing",
      "Description": "BTIS OCR",
      "ThroughIGIG": "True"
    },
    {
      "Cinchy Id": 4,
      "Name": "HawkSoft<>BP",
      "Workflow": "Submission Quoting",
      "Status": "Testing",
      "Description": "HawkSoft<>BP",
      "ThroughIGIG": "True"
    },
    {
      "Cinchy Id": 1,
      "WorkflowImplementation": [
        {
          "Name": "Heffernan<>Classification<>R6",
          "Status": "Live"
        }
      ],
      "Buyer": "Heffernan",
      "SequenceNumber": 1
    },
    {
      "Cinchy Id": 2,
      "WorkflowImplementation": [
        {
          "Name": "Heffernan<>Classification<>NM",
          "Status": "Testing"
        }
      ],
      "Buyer": "Heffernan",
      "SequenceNumber": 1
    },
    {
      "Cinchy Id": 3,
      "WorkflowImplementation": [
        {
          "Name": "BTIS<>OCR",
          "Status": "Testing"
        }
      ],
      "Buyer": "BTIS",
      "SequenceNumber": 1
    },
    {
      "Cinchy Id": 4,
      "WorkflowImplementation": [
        {
          "Name": "HawkSoft<>BP",
          "Status": "Testing"
        }
      ],
      "Buyer": "Hawksoft",
      "SequenceNumber": 1
    },
    {
      "Cinchy Id": 1,
      "WorkflowImplementation": [
        {
          "Name": "Heffernan<>Classification<>R6",
          "Status": "Live"
        }
      ],
      "Seller": "Relativity6",
      "SequenceNumber": 1
    },
    {
      "Cinchy Id": 2,
      "WorkflowImplementation": [
        {
          "Name": "Heffernan<>Classification<>NM",
          "Status": "Introduced"
        }
      ],
      "Seller": "Neural Metrics",
      "SequenceNumber": 1
    },
    {
      "Cinchy Id": 3,
      "WorkflowImplementation": [
        {
          "Name": "BTIS<>OCR",
          "Status": "Testing"
        },
        {
          "Name": "HawkSoft<>BP",
          "Status": "Live"
        }
      ],
      "Seller": "Sensible",
      "SequenceNumber": 1
    },
    {
      "Cinchy Id": 4,
      "WorkflowImplementation": [
        {
          "Name": "HawkSoft<>BP",
          "Status": "Testing"
        },
        {
          "Name": "BTIS<>OCR",
          "Status": "Live"
        }
      ],
      "Seller": "Bold Penguin",
      "SequenceNumber": 1
    }
  ],
  "links": []
}