{
     
      "nodes": [
        {
            "Cinchy Id": 0,
            "Name": "InsuranceGig",
            "Workflow": "InsuranceGig",
            "Status": "Live",
            "Description": "This is a classification workflow between Heffernan and Relativity 6",
            "ThroughIGIG": "True"
          },
          
              {
                "Cinchy Id": 1,
                "Name": "Heffernan<>Classification<>R6",
                "Workflow": "Business NCCI Classification",
                "Status": "Live",
                "Description": "This is a classification workflow between Heffernan and Relativity 6",
                "ThroughIGIG": "True"
              },
              {
                "Cinchy Id": 2,
                "Name": "Heffernan<>Classification<>NM",
                "Workflow": "Business NCCI Classification",
                "Status": "Introduced",
                "Description": "This is a classification workflow between Heffernan and NM",
                "ThroughIGIG": "True"
              },
              {
                "Cinchy Id": 3,
                "Name": "BTIS<>OCR",
                "Workflow": "OCR-JSON",
                "Status": "Testing",
                "Description": "BTIS OCR",
                "ThroughIGIG": "True"
              },
              {
                "Cinchy Id": 4,
                "Name": "HawkSoft<>BP",
                "Workflow": "Submission Quoting",
                "Status": "Testing",
                "Description": "HawkSoft<>BP",
                "ThroughIGIG": "True"
              },
              {
                "Cinchy Id": 1,
                "WorkflowImplementation": "Heffernan<>Classification<>R6",
                "Seller": "Relativity6",
                "SequenceNumber": 1,
                "Status": "Live"
              },
              {
                "Cinchy Id": 2,
                "WorkflowImplementation": "Heffernan<>Classification<>NM",
                "Seller": "Neural Metrics",
                "SequenceNumber": 1,
                "Status": "Introduced"
              },
              {
                "Cinchy Id": 3,
                "WorkflowImplementation": "BTIS<>OCR",
                "Seller": "Sensible",
                "SequenceNumber": 1,
                "Status": "Testing"
              },
              {
                "Cinchy Id": 4,
                "WorkflowImplementation": "HawkSoft<>BP",
                "Seller": "Bold Penguin",
                "SequenceNumber": 1,
                "Status": "Testing"
              },
              {
                "Cinchy Id": 5,
                "WorkflowImplementation": "HawkSoft<>BP",
                "Seller": "Penguin_1",
                "SequenceNumber": 1,
                "Status": "Testing"
              },
              {
                "Cinchy Id": 6,
                "WorkflowImplementation": "Heffernan<>Classification<>NM",
                "Seller": "John",
                "SequenceNumber": 1,
                "Status": "Testing"
              },
              {
                "Cinchy Id": 7,
                "WorkflowImplementation": "BTIS<>OCR",
                "Seller": "Bold_1",
                "SequenceNumber": 1,
                "Status": "Testing"
              },
              {
                "Cinchy Id": 8,
                "WorkflowImplementation": "BTIS<>OCR",
                "Seller": "NoOne",
                "SequenceNumber": 1,
                "Status": "Testing"
              },
              {
                "Cinchy Id": 9,
                "WorkflowImplementation": "HawkSoft<>BP",
                "Seller": "John1",
                "SequenceNumber": 1,
                "Status": "Testing"
              },
              {
                "Cinchy Id": 10,
                "WorkflowImplementation": "HawkSoft<>BP",
                "Seller": "Neural",
                "SequenceNumber": 1,
                "Status": "Testing"
              },
              {
                "Cinchy Id": 1,
                "WorkflowImplementation": "Heffernan<>Classification<>R6",
                "Buyer": "Heffernan",
                "SequenceNumber": 1,
                "Status": "Live"
              },
              {
                "Cinchy Id": 2,
                "WorkflowImplementation": "Heffernan<>Classification<>NM",
                "Buyer": "Heffernan",
                "SequenceNumber": 1,
                "Status": "Testing"
              },
              {
                "Cinchy Id": 3,
                "WorkflowImplementation": "BTIS<>OCR",
                "Buyer": "BTIS",
                "SequenceNumber": 1,
                "Status": "Testing"
              },
              {
                "Cinchy Id": 4,
                "WorkflowImplementation": "HawkSoft<>BP",
                "Buyer": "Hawksoft",
                "SequenceNumber": 1,
                "Status": "Testing"
              },
              {
                "Cinchy Id": 5,
                "WorkflowImplementation": "Heffernan<>Classification<>NM",
                "Buyer": "hawsKode",
                "SequenceNumber": 1,
                "Status": "Testing"
              },
              {
                "Cinchy Id": 6,
                "WorkflowImplementation": "Heffernan<>Classification<>R6",
                "Buyer": "NoBody",
                "SequenceNumber": 1,
                "Status": "Testing"
              },
              {
                "Cinchy Id": 7,
                "WorkflowImplementation": "Heffernan<>Classification<>R6",
                "Buyer": "NoBody",
                "SequenceNumber": 1,
                "Status": "Testing"
              },
              {
                "Cinchy Id": 8,
                "WorkflowImplementation": "Heffernan<>Classification<>R6",
                "Buyer": "NoBody_90",
                "SequenceNumber": 1,
                "Status": "Testing"
              },
              {
                "Cinchy Id": 9,
                "WorkflowImplementation": "Heffernan<>Classification<>NM",
                "Buyer": "NoBody_55",
                "SequenceNumber": 1,
                "Status": "Testing"
              },
              {
                "Cinchy Id": 10,
                "WorkflowImplementation": "BTIS<>OCR",
                "Buyer": "NoBody_1",
                "SequenceNumber": 1,
                "Status": "Testing"
              },
              {
                "Cinchy Id": 11,
                "WorkflowImplementation": "BTIS<>OCR",
                "Buyer": "Akash",
                "SequenceNumber": 1,
                "Status": "Testing"
              },
              {
                "Cinchy Id": 12,
                "WorkflowImplementation": "HawkSoft<>BP",
                "Buyer": "Garry",
                "SequenceNumber": 1,
                "Status": "Testing"
              },
              {
                "Cinchy Id": 13,
                "WorkflowImplementation": "HawkSoft<>BP",
                "Buyer": "Ronnel",
                "SequenceNumber": 1,
                "Status": "Testing"
              },
              {
                "Cinchy Id": 14,
                "WorkflowImplementation": "Heffernan<>Classification<>NM",
                "Buyer": "Ronnel",
                "SequenceNumber": 1,
                "Status": "Testing"
              }
              
             
      ],
      "links": []
    
  }
 
  
  
  
  
  
  
  