[
    {
      "Cinchy Id": 1,
      "WorkflowImplementation": "Heffernan<>Classification<>R6",
      "Seller": "Relativity6",
      "SequenceNumber": 1,
      "Status": "Live"
    },
    {
      "Cinchy Id": 2,
      "WorkflowImplementation": "Heffernan<>Classification<>NM",
      "Seller": "Neural Metrics",
      "SequenceNumber": 1,
      "Status": "Introduced"
    },
    {
      "Cinchy Id": 3,
      "WorkflowImplementation": "BTIS<>OCR",
      "Seller": "Sensible",
      "SequenceNumber": 1,
      "Status": "Testing"
    },
    {
      "Cinchy Id": 4,
      "WorkflowImplementation": "HawkSoft<>BP",
      "Seller": "Bold Penguin",
      "SequenceNumber": 1,
      "Status": "Testing"
    },
    {
      "Cinchy Id": 5,
      "WorkflowImplementation": "HawkSoft<>BP",
      "Seller": "Penguin_1",
      "SequenceNumber": 1,
      "Status": "Testing"
    },
    {
      "Cinchy Id": 6,
      "WorkflowImplementation": "Heffernan<>Classification<>NM",
      "Seller": "John",
      "SequenceNumber": 1,
      "Status": "Testing"
    },
    {
      "Cinchy Id": 7,
      "WorkflowImplementation": "BTIS<>OCR",
      "Seller": "Bold_1",
      "SequenceNumber": 1,
      "Status": "Testing"
    },
    {
      "Cinchy Id": 8,
      "WorkflowImplementation": "BTIS<>OCR",
      "Seller": "NoOne",
      "SequenceNumber": 1,
      "Status": "Testing"
    },
    {
      "Cinchy Id": 9,
      "WorkflowImplementation": "HawkSoft<>BP",
      "Seller": "John1",
      "SequenceNumber": 1,
      "Status": "Testing"
    },
    {
      "Cinchy Id": 10,
      "WorkflowImplementation": "HawkSoft<>BP",
      "Seller": "Neural",
      "SequenceNumber": 1,
      "Status": "Testing"
    }
  ]