{
  "nodes": [
    {"id": "Myriel", "group": 1},
    {"id": "Napoleon", "group": 1},
    {"id": "Mlle.Baptistine", "group": 1},
    {"id": "Mme.Magloire", "group": 1},
    {"id": "CountessdeLo", "group": 1},
    {"id": "Geborand", "group": 1},
    {"id": "Champtercier", "group": 1},
    {"id": "Cravatte", "group": 1},
    {"id": "Count", "group": 1},
    {"id": "OldMan", "group": 1},
    {"id": "Labarre", "group": 2},
    {"id": "Valjean", "group": 2}
  
  ],
  "links": [
   {"source": "Brujon", "target": "Gavroche", "value": 1},
    {"source": "Brujon", "target": "Eponine", "value": 1},
    {"source": "Brujon", "target": "Claquesous", "value": 1},
    {"source": "Brujon", "target": "Montparnasse", "value": 1},
    {"source": "Mme.Hucheloup", "target": "Bossuet", "value": 1},
    {"source": "Mme.Hucheloup", "target": "Joly", "value": 1},
    {"source": "Mme.Hucheloup", "target": "Grantaire", "value": 1},
    {"source": "Mme.Hucheloup", "target": "Bahorel", "value": 1},
    {"source": "Mme.Hucheloup", "target": "Courfeyrac", "value": 1},
    {"source": "Mme.Hucheloup", "target": "Gavroche", "value": 1},
    {"source": "Mme.Hucheloup", "target": "Enjolras", "value": 1}
  ]
}