[
    {
      "Cinchy Id": 1,
      "WorkflowImplementation": "Heffernan<>Classification<>R6",
      "Buyer": "Heffernan",
      "SequenceNumber": 1,
      "Status": "Live"
    },
    {
      "Cinchy Id": 2,
      "WorkflowImplementation": "Heffernan<>Classification<>NM",
      "Buyer": "Heffernan",
      "SequenceNumber": 1,
      "Status": "Testing"
    },
    {
      "Cinchy Id": 3,
      "WorkflowImplementation": "BTIS<>OCR",
      "Buyer": "BTIS",
      "SequenceNumber": 1,
      "Status": "Testing"
    },
    {
      "Cinchy Id": 4,
      "WorkflowImplementation": "HawkSoft<>BP",
      "Buyer": "Hawksoft",
      "SequenceNumber": 1,
      "Status": "Testing"
    }
  ]