[
    {
      "Cinchy Id": 1,
      "WorkflowImplementation": "Heffernan<>Classification<>R6",
      "Seller": "Relativity6",
      "SequenceNumber": 1,
      "Status": "Live"
    },
    {
      "Cinchy Id": 2,
      "WorkflowImplementation": "Heffernan<>Classification<>NM",
      "Seller": "Neural Metrics",
      "SequenceNumber": 1,
      "Status": "Introduced"
    },
    {
      "Cinchy Id": 3,
      "WorkflowImplementation": "BTIS<>OCR",
      "Seller": "Sensible",
      "SequenceNumber": 1,
      "Status": "Testing"
    },
    {
      "Cinchy Id": 4,
      "WorkflowImplementation": "HawkSoft<>BP",
      "Seller": "Bold Penguin",
      "SequenceNumber": 1,
      "Status": "Testing"
    }
  ]